"GEO_ID","NAME","B03002_001E","B03002_001M","B03002_002E","B03002_002M","B03002_003E","B03002_003M","B03002_004E","B03002_004M","B03002_005E","B03002_005M","B03002_006E","B03002_006M","B03002_007E","B03002_007M","B03002_008E","B03002_008M","B03002_009E","B03002_009M","B03002_010E","B03002_010M","B03002_011E","B03002_011M","B03002_012E","B03002_012M","B03002_013E","B03002_013M","B03002_014E","B03002_014M","B03002_015E","B03002_015M","B03002_016E","B03002_016M","B03002_017E","B03002_017M","B03002_018E","B03002_018M","B03002_019E","B03002_019M","B03002_020E","B03002_020M","B03002_021E","B03002_021M"
"id","Geographic Area Name","Estimate!!Total","Margin of Error!!Total","Estimate!!Total!!Not Hispanic or Latino","Margin of Error!!Total!!Not Hispanic or Latino","Estimate!!Total!!Not Hispanic or Latino!!White alone","Margin of Error!!Total!!Not Hispanic or Latino!!White alone","Estimate!!Total!!Not Hispanic or Latino!!Black or African American alone","Margin of Error!!Total!!Not Hispanic or Latino!!Black or African American alone","Estimate!!Total!!Not Hispanic or Latino!!American Indian and Alaska Native alone","Margin of Error!!Total!!Not Hispanic or Latino!!American Indian and Alaska Native alone","Estimate!!Total!!Not Hispanic or Latino!!Asian alone","Margin of Error!!Total!!Not Hispanic or Latino!!Asian alone","Estimate!!Total!!Not Hispanic or Latino!!Native Hawaiian and Other Pacific Islander alone","Margin of Error!!Total!!Not Hispanic or Latino!!Native Hawaiian and Other Pacific Islander alone","Estimate!!Total!!Not Hispanic or Latino!!Some other race alone","Margin of Error!!Total!!Not Hispanic or Latino!!Some other race alone","Estimate!!Total!!Not Hispanic or Latino!!Two or more races","Margin of Error!!Total!!Not Hispanic or Latino!!Two or more races","Estimate!!Total!!Not Hispanic or Latino!!Two or more races!!Two races including Some other race","Margin of Error!!Total!!Not Hispanic or Latino!!Two or more races!!Two races including Some other race","Estimate!!Total!!Not Hispanic or Latino!!Two or more races!!Two races excluding Some other race, and three or more races","Margin of Error!!Total!!Not Hispanic or Latino!!Two or more races!!Two races excluding Some other race, and three or more races","Estimate!!Total!!Hispanic or Latino","Margin of Error!!Total!!Hispanic or Latino","Estimate!!Total!!Hispanic or Latino!!White alone","Margin of Error!!Total!!Hispanic or Latino!!White alone","Estimate!!Total!!Hispanic or Latino!!Black or African American alone","Margin of Error!!Total!!Hispanic or Latino!!Black or African American alone","Estimate!!Total!!Hispanic or Latino!!American Indian and Alaska Native alone","Margin of Error!!Total!!Hispanic or Latino!!American Indian and Alaska Native alone","Estimate!!Total!!Hispanic or Latino!!Asian alone","Margin of Error!!Total!!Hispanic or Latino!!Asian alone","Estimate!!Total!!Hispanic or Latino!!Native Hawaiian and Other Pacific Islander alone","Margin of Error!!Total!!Hispanic or Latino!!Native Hawaiian and Other Pacific Islander alone","Estimate!!Total!!Hispanic or Latino!!Some other race alone","Margin of Error!!Total!!Hispanic or Latino!!Some other race alone","Estimate!!Total!!Hispanic or Latino!!Two or more races","Margin of Error!!Total!!Hispanic or Latino!!Two or more races","Estimate!!Total!!Hispanic or Latino!!Two or more races!!Two races including Some other race","Margin of Error!!Total!!Hispanic or Latino!!Two or more races!!Two races including Some other race","Estimate!!Total!!Hispanic or Latino!!Two or more races!!Two races excluding Some other race, and three or more races","Margin of Error!!Total!!Hispanic or Latino!!Two or more races!!Two races excluding Some other race, and three or more races"
"0500000US48199","Hardin County, Texas","55993","*****","52990","*****","48723","80","3151","83","139","68","264","104","25","47","50","80","638","126","0","31","638","126","3003","*****","2727","185","48","68","0","31","0","31","0","31","75","69","153","140","61","85","92","86"
"0500000US48207","Haskell County, Texas","5806","*****","4201","*****","3822","8","182","40","32","25","43","24","0","19","11","8","111","51","0","19","111","51","1605","*****","1392","121","1","2","0","19","0","19","0","19","204","114","8","14","8","14","0","19"
"0500000US48227","Howard County, Texas","36491","*****","21461","*****","18262","33","1891","265","247","79","288","71","21","28","4","7","748","270","81","56","667","253","15030","*****","12194","474","245","176","110","70","0","28","6","11","2013","419","462","186","350","155","112","98"
"0500000US48289","Leon County, Texas","16966","*****","14561","*****","12986","11","1218","58","99","43","126","16","31","45","6","11","95","49","1","3","94","49","2405","*****","2199","121","45","70","4","6","0","21","0","21","157","99","0","21","0","21","0","21"
"0500000US48333","Mills County, Texas","4887","*****","3995","182","3971","181","11","17","0","13","3","3","0","13","0","13","10","14","0","13","10","14","892","182","818","204","0","13","0","13","0","13","0","13","69","77","5","9","5","9","0","13"
"0500000US48337","Montague County, Texas","19406","*****","17334","*****","16748","21","41","37","50","37","19","31","0","21","0","21","476","67","0","21","476","67","2072","*****","1679","199","0","21","0","21","3","6","0","21","305","186","85","75","36","49","49","61"
"0500000US48351","Newton County, Texas","14187","*****","13697","*****","10442","21","3024","49","28","35","12","26","0","21","0","21","191","56","0","21","191","56","490","*****","485","10","5","9","0","21","0","21","0","21","0","21","0","21","0","21","0","21"
"0500000US48365","Panola County, Texas","23574","*****","21557","*****","17311","25","3844","136","12","22","150","67","10","16","0","25","230","152","0","25","230","152","2017","*****","1699","246","15","25","0","25","0","25","0","25","282","235","21","35","21","35","0","25"
"0500000US48389","Reeves County, Texas","14791","*****","3695","*****","2693","40","661","118","54","87","168","42","0","21","34","42","85","69","0","21","85","69","11096","*****","8825","560","60","57","45","43","0","21","0","21","2051","551","115","91","38","39","77","78"
"0500000US48403","Sabine County, Texas","10429","*****","10007","*****","8977","73","789","112","0","21","10","19","0","21","52","73","179","115","0","21","179","115","422","*****","352","47","5","11","19","31","0","21","0","21","46","35","0","21","0","21","0","21"
"0500000US48421","Sherman County, Texas","3067","*****","1740","82","1712","130","8","15","7","25","0","13","0","13","0","13","13","38","0","13","13","38","1327","82","1094","107","1","3","0","13","0","13","0","13","177","67","55","35","52","35","3","4"
"0500000US48437","Swisher County, Texas","7541","*****","4288","*****","3584","13","429","107","41","33","14","14","5","8","13","13","202","100","0","19","202","100","3253","*****","2662","319","11","13","230","178","0","19","0","19","162","107","188","134","126","116","62","48"
"0500000US48231","Hunt County, Texas","90322","*****","76485","*****","65807","76","7044","351","716","182","1076","144","44","53","51","70","1747","444","38","29","1709","440","13837","*****","5382","788","50","43","44","43","24","25","0","31","8191","788","146","92","119","89","27","23"
"0500000US48063","Camp County, Texas","12670","*****","9636","*****","7168","21","2140","143","49","25","40","63","0","21","0","21","239","134","15","22","224","130","3034","*****","1912","358","0","21","0","21","0","21","0","21","1098","358","24","29","6","10","18","27"
"0500000US48195","Hansford County, Texas","5532","*****","2963","*****","2950","16","4","7","6","15","0","19","0","19","0","19","3","5","0","19","3","5","2569","*****","2148","209","13","20","0","19","0","19","0","19","355","198","53","45","53","45","0","19"
"0500000US48187","Guadalupe County, Texas","150889","*****","94570","*****","77499","349","10668","399","304","113","2497","182","36","103","433","292","3133","445","224","143","2909","433","56319","*****","32220","1911","1007","312","171","96","114","96","193","182","21111","1927","1503","388","729","269","774","244"
"0500000US48077","Clay County, Texas","10369","*****","9782","*****","9370","17","56","40","126","50","29","25","0","21","0","21","201","47","20","19","181","46","587","*****","432","97","3","6","13","11","0","21","0","21","115","96","24","28","0","21","24","28"
"0500000US48205","Hartley County, Texas","5821","*****","4294","*****","3467","168","490","86","1","3","81","71","0","19","48","64","207","123","0","19","207","123","1527","*****","1329","102","5","11","0","19","0","19","0","19","131","88","62","74","62","74","0","19"
"0500000US48217","Hill County, Texas","35098","*****","28081","*****","25038","20","2210","163","85","47","102","38","70","92","5","7","571","162","52","39","519","157","7017","*****","5821","341","93","65","299","282","4","6","0","28","739","222","61","30","35","20","26","21"
"0500000US48293","Limestone County, Texas","23480","*****","18486","*****","13905","25","4140","74","66","38","156","19","0","25","50","58","169","59","0","25","169","59","4994","*****","3982","280","100","73","197","114","0","25","0","25","608","215","107","84","77","86","30","31"
"0500000US48347","Nacogdoches County, Texas","65411","*****","53039","*****","39199","45","11221","298","172","74","1072","44","0","31","17","22","1358","331","35","39","1323","330","12372","*****","10653","544","382","299","326","262","102","176","0","31","860","312","49","43","30","28","19","33"
"0500000US48369","Parmer County, Texas","9871","*****","3710","*****","3468","42","161","39","14","17","22","32","0","19","0","19","45","47","30","42","15","21","6161","*****","4980","317","0","19","48","38","0","19","23","40","853","268","257","124","155","83","102","92"
"0500000US48367","Parker County, Texas","125963","*****","111502","*****","106370","82","1642","244","622","223","613","131","52","58","132","91","2071","350","81","68","1990","349","14461","*****","11314","748","97","111","269","251","15","24","22","23","2360","685","384","178","244","156","140","83"
"0500000US48377","Presidio County, Texas","7191","*****","1337","131","979","124","0","19","0","19","358","48","0","19","0","19","0","19","0","19","0","19","5854","131","5565","250","0","19","77","97","0","19","0","19","212","186","0","19","0","19","0","19"
"0500000US48465","Val Verde County, Texas","48976","*****","9121","*****","7811","14","534","165","64","72","269","50","48","46","0","28","395","164","20","26","375","163","39855","*****","37506","566","130","135","55","47","14","21","0","28","1819","454","331","221","176","196","155","115"
"0500000US48109","Culberson County, Texas","2257","*****","436","131","392","124","8","9","0","13","6","11","0","13","0","13","30","41","0","13","30","41","1821","131","1493","177","0","13","0","13","0","13","0","13","328","127","0","13","0","13","0","13"
"0500000US48135","Ector County, Texas","155744","*****","64269","*****","53705","195","6451","361","283","105","1628","94","26","45","238","200","1938","389","37","57","1901","394","91475","*****","74466","1600","407","253","521","238","53","43","0","31","13227","1492","2801","620","842","310","1959","561"
"0500000US48169","Garza County, Texas","6739","190","3100","279","2726","284","300","209","6","17","38","34","0","19","7","12","23","37","0","19","23","37","3639","283","2990","312","7","11","14","27","0","19","0","19","521","154","107","83","85","82","22","23"
"0500000US48173","Glasscock County, Texas","1420","123","844","164","844","164","0","13","0","13","0","13","0","13","0","13","0","13","0","13","0","13","576","173","252","103","0","13","0","13","0","13","0","13","324","148","0","13","0","13","0","13"
"0500000US48185","Grimes County, Texas","27358","*****","20890","*****","16051","20","4259","162","71","31","28","25","0","25","13","18","468","161","7","10","461","162","6468","*****","5037","382","64","51","252","178","0","25","0","25","929","351","186","101","66","66","120","84"
"0500000US48453","Travis County, Texas","1176584","*****","778186","*****","580292","505","92653","1325","1875","382","74442","970","439","224","2250","537","26235","1702","1199","439","25036","1640","398398","*****","301113","4457","4645","912","3571","866","891","331","259","201","75942","4046","11977","1528","5024","778","6953","1261"
"0500000US48085","Collin County, Texas","914075","*****","776204","*****","540387","576","84259","787","2858","284","123495","1083","568","97","2377","691","22260","1331","1387","403","20873","1274","137871","*****","109447","2212","1075","397","1210","462","551","234","53","44","18924","1983","6611","981","3489","673","3122","666"
"0500000US48005","Angelina County, Texas","87700","*****","68829","*****","53704","50","12878","349","60","44","933","72","9","18","94","80","1151","358","24","26","1127","357","18871","*****","14764","700","135","87","336","356","0","31","0","31","3186","559","450","254","158","112","292","262"
"0500000US48087","Collingsworth County, Texas","3026","*****","2080","121","1824","125","105","46","129","72","4","7","0","13","0","13","18","16","0","13","18","16","946","121","489","177","8","11","10","14","0","13","0","13","371","198","68","65","13","13","55","62"
"0500000US48101","Cottle County, Texas","1498","121","1008","158","803","152","153","100","5","7","0","13","0","13","32","51","15","18","0","13","15","18","490","161","398","141","0","13","0","13","0","13","0","13","78","55","14","20","0","13","14","20"
"0500000US48209","Hays County, Texas","194843","*****","121235","*****","107718","286","6784","432","428","238","2503","264","85","144","410","255","3307","550","92","66","3215","547","73608","*****","62732","1364","580","244","211","152","161","185","143","143","7431","1232","2350","682","1213","373","1137","552"
"0500000US48279","Lamb County, Texas","13368","*****","6021","*****","5319","21","484","84","39","30","72","67","0","21","0","21","107","63","0","21","107","63","7347","*****","6386","311","192","180","2","3","5","5","0","21","530","201","232","109","123","93","109","57"
"0500000US48295","Lipscomb County, Texas","3495","*****","2449","137","2308","136","13","13","24","16","25","14","1","2","2","4","76","31","0","13","76","31","1046","137","760","130","0","13","0","13","2","3","0","13","220","94","64","38","28","24","36","28"
"0500000US48301","Loving County, Texas","74","33","62","29","55","28","0","13","4","6","0","13","0","13","0","13","3","4","0","13","3","4","12","13","12","13","0","13","0","13","0","13","0","13","0","13","0","13","0","13","0","13"
"0500000US48321","Matagorda County, Texas","36744","*****","21514","*****","16503","6","3741","333","160","71","731","16","42","47","0","28","337","339","4","6","333","338","15230","*****","10940","898","29","38","93","133","0","28","0","28","3396","770","772","368","95","69","677","361"
"0500000US48371","Pecos County, Texas","15804","*****","4982","*****","4094","24","654","63","87","18","66","57","9","16","20","24","52","38","0","21","52","38","10822","*****","8551","506","15","18","20","29","0","21","0","21","2192","507","44","45","37","43","7","11"
"0500000US48395","Robertson County, Texas","16727","*****","13345","*****","9682","13","3299","74","41","22","45","47","18","19","10","13","250","88","16","18","234","92","3382","*****","3058","216","0","21","41","55","3","5","0","21","252","209","28","32","24","30","4","5"
"0500000US48397","Rockwall County, Texas","90414","*****","74995","*****","65357","52","5437","210","201","93","2195","229","0","31","41","52","1764","329","25","36","1739","327","15419","*****","12343","742","12","19","0","31","0","31","0","31","2162","636","902","386","352","189","550","309"
"0500000US48401","Rusk County, Texas","53026","*****","44467","*****","34304","18","9029","137","101","60","243","47","0","31","30","44","760","168","27","31","733","164","8559","*****","7654","331","47","49","13","19","0","31","0","31","632","334","213","122","127","88","86","95"
"0500000US48441","Taylor County, Texas","135371","*****","103152","*****","87366","124","10018","295","670","121","2612","204","73","74","192","145","2221","342","12","14","2209","346","32219","*****","17963","1135","379","177","504","266","52","72","0","31","11796","1149","1525","416","1047","331","478","228"
"0500000US48447","Throckmorton County, Texas","1541","142","1297","139","1271","139","2","4","0","13","5","8","0","13","0","13","19","24","0","13","19","24","244","101","244","101","0","13","0","13","0","13","0","13","0","13","0","13","0","13","0","13"
"0500000US48455","Trinity County, Texas","14481","*****","13134","*****","11454","21","1382","112","44","27","52","73","0","21","0","21","202","92","0","21","202","92","1347","*****","1062","158","3","6","0","21","0","21","0","21","227","141","55","37","40","31","15","22"
"0500000US48471","Walker County, Texas","70818","*****","58234","*****","40319","6","16198","180","245","114","859","90","10","17","28","47","575","240","3","6","572","240","12584","*****","11427","526","21","24","26","42","16","26","0","31","654","499","440","227","66","55","374","220"
"0500000US48499","Wood County, Texas","43315","*****","39148","*****","36029","3","2389","136","260","88","38","35","34","55","49","59","349","125","8","8","341","127","4167","*****","2826","423","46","44","55","50","0","28","0","28","1021","410","219","157","68","87","151","127"
"0500000US48019","Bandera County, Texas","21316","*****","17480","*****","16788","31","213","179","48","54","47","54","0","25","16","27","368","118","10","15","358","118","3836","*****","2881","404","0","25","197","199","0","25","0","25","123","82","635","359","39","44","596","356"
"0500000US48007","Aransas County, Texas","24832","*****","18118","*****","16803","49","390","62","6","6","500","51","0","25","26","48","393","76","9","14","384","75","6714","*****","4997","523","17","27","93","104","0","25","0","25","834","389","773","441","301","348","472","239"
"0500000US48075","Childress County, Texas","7064","*****","5528","268","4525","306","512","165","68","51","102","84","242","275","0","19","79","68","0","19","79","68","1536","268","1295","283","0","19","0","19","58","91","0","19","150","95","33","38","25","35","8","13"
"0500000US48079","Cochran County, Texas","2932","*****","1260","*****","1104","13","77","30","6","8","0","13","0","13","0","13","73","32","0","13","73","32","1672","*****","1512","71","5","7","0","13","0","13","0","13","100","51","55","36","28","27","27","27"
"0500000US48081","Coke County, Texas","3238","*****","2556","*****","2490","27","21","11","20","16","5","6","0","13","0","13","20","24","0","13","20","24","682","*****","410","116","0","13","0","13","0","13","0","13","269","116","3","6","3","6","0","13"
"0500000US48091","Comal County, Texas","129100","*****","94535","*****","88661","182","2547","191","124","86","1344","147","44","36","132","181","1683","248","32","48","1651","246","34565","*****","28272","1046","18","22","152","97","22","36","0","31","5046","1069","1055","339","675","286","380","171"
"0500000US48099","Coryell County, Texas","75818","*****","62359","*****","45085","48","10391","501","456","204","1338","213","560","51","25","33","4504","544","57","61","4447","546","13459","*****","9680","477","532","209","160","107","80","82","105","79","1342","325","1560","328","219","98","1341","307"
"0500000US48211","Hemphill County, Texas","4152","*****","2691","137","2568","136","31","26","16","15","13","14","0","13","0","13","63","28","9","13","54","24","1461","137","1273","205","1","2","2","4","0","13","0","13","123","97","62","54","60","53","2","6"
"0500000US48225","Houston County, Texas","22849","*****","20410","*****","14155","53","5694","104","36","27","87","48","0","25","35","53","403","114","0","25","403","114","2439","*****","1411","288","32","45","10","18","0","25","0","25","844","291","142","85","67","60","75","62"
"0500000US48341","Moore County, Texas","22016","*****","10096","*****","7410","25","700","16","59","56","1735","76","0","25","0","25","192","92","0","25","192","92","11920","*****","9435","602","236","207","90","69","0","25","0","25","1811","585","348","224","156","121","192","167"
"0500000US48349","Navarro County, Texas","48239","*****","35592","*****","27631","20","6323","156","153","69","302","62","498","44","25","31","660","188","0","28","660","188","12647","*****","8866","943","116","161","766","406","0","28","0","28","2568","779","331","202","133","143","198","128"
"0500000US48375","Potter County, Texas","121230","*****","75670","*****","54757","79","11301","392","328","93","6343","210","85","15","89","71","2767","475","128","88","2639","473","45560","*****","40303","749","378","207","146","106","31","31","19","29","2990","535","1693","346","783","254","910","233"
"0500000US48405","San Augustine County, Texas","8403","*****","7819","*****","5783","19","1746","170","128","147","0","19","0","19","0","19","162","103","0","19","162","103","584","*****","457","128","0","19","50","68","0","19","0","19","77","113","0","19","0","19","0","19"
"0500000US48415","Scurry County, Texas","17346","*****","10455","*****","9306","62","784","139","21","24","38","33","0","21","30","51","276","137","19","25","257","134","6891","*****","5945","274","0","21","88","51","0","21","0","21","704","244","154","83","91","80","63","45"
"0500000US48417","Shackelford County, Texas","3348","*****","2957","*****","2867","13","6","5","10","14","6","10","0","13","0","13","68","18","0","13","68","18","391","*****","372","21","0","13","0","13","0","13","0","13","12","19","7","7","0","13","7","7"
"0500000US48427","Starr County, Texas","63420","*****","517","178","403","170","24","37","9","15","57","64","0","31","10","15","14","16","0","31","14","16","62903","178","59923","662","9","16","35","34","11","22","0","31","2675","635","250","154","231","155","19","21"
"0500000US48433","Stonewall County, Texas","1084","190","838","153","787","145","38","32","0","13","0","13","0","13","0","13","13","14","0","13","13","14","246","128","235","130","0","13","0","13","0","13","0","13","11","11","0","13","0","13","0","13"
"0500000US48461","Upton County, Texas","3575","*****","1797","142","1537","135","238","27","4","5","9","11","0","13","3","6","6","7","0","13","6","7","1778","142","292","111","5","7","0","13","0","13","0","13","1466","157","15","18","0","13","15","18"
"0500000US48021","Bastrop County, Texas","80306","*****","51423","*****","43147","278","6219","84","353","116","686","73","0","31","368","264","650","167","54","60","596","156","28883","*****","17835","1619","289","176","119","82","25","35","0","31","9764","1734","851","395","630","352","221","187"
"0500000US48049","Brown County, Texas","37787","*****","29668","*****","27465","5","1369","76","92","52","238","46","0","28","3","5","501","106","0","28","501","106","8119","*****","7199","252","127","74","39","54","12","18","0","28","610","221","132","86","47","45","85","75"
"0500000US48191","Hall County, Texas","3102","*****","2042","*****","1760","13","231","47","3","5","15","24","0","13","0","13","33","28","0","13","33","28","1060","*****","673","143","10","17","7","8","0","13","0","13","287","158","83","68","18","17","65","64"
"0500000US48025","Bee County, Texas","32729","*****","13671","*****","10555","28","2697","47","151","2","155","75","3","6","27","37","83","60","45","41","38","41","19058","*****","18039","317","85","74","22","38","6","18","0","28","560","209","346","169","220","142","126","95"
"0500000US48159","Franklin County, Texas","10639","*****","9160","*****","8468","21","481","127","57","92","5","11","12","17","0","21","137","103","0","21","137","103","1479","*****","955","194","4","7","0","21","0","21","0","21","406","183","114","72","114","72","0","21"
"0500000US48163","Frio County, Texas","19110","*****","4104","*****","3140","192","679","153","0","21","120","67","0","21","81","79","84","85","0","21","84","85","15006","*****","10490","1038","109","106","12","18","0","21","0","21","4237","1037","158","109","80","69","78","65"
"0500000US48103","Crane County, Texas","4836","*****","1800","*****","1591","13","201","11","3","8","0","13","0","13","0","13","5","8","0","13","5","8","3036","*****","875","222","11","13","3","7","0","13","0","13","2088","241","59","63","59","63","0","13"
"0500000US48281","Lampasas County, Texas","20473","*****","16538","*****","14916","25","621","164","84","61","226","73","211","140","40","50","440","129","29","42","411","130","3935","*****","3181","288","0","25","14","23","18","27","32","48","363","172","327","152","215","114","112","117"
"0500000US48307","McCulloch County, Texas","8145","*****","5574","*****","5067","276","161","88","1","2","0","19","0","19","202","276","143","88","0","19","143","88","2571","*****","1902","281","0","19","0","19","0","19","0","19","407","255","262","123","90","77","172","99"
"0500000US48319","Mason County, Texas","4122","*****","3121","182","2962","181","1","2","12","19","103","56","0","13","0","13","43","41","0","13","43","41","1001","182","602","184","0","13","54","61","0","13","0","13","136","92","209","117","24","39","185","114"
"0500000US48125","Dickens County, Texas","2224","*****","1610","87","1528","92","69","33","7","9","2","3","0","13","0","13","4","6","0","13","4","6","614","87","472","88","0","13","16","19","0","13","0","13","80","47","46","40","46","40","0","13"
"0500000US48287","Lee County, Texas","16850","*****","12934","*****","10731","31","1853","162","0","21","144","113","0","21","27","31","179","97","80","79","99","63","3916","*****","2776","509","0","21","6","9","17","29","0","21","1101","510","16","24","0","21","16","24"
"0500000US48439","Tarrant County, Texas","1983675","*****","1424650","*****","959103","649","308577","1812","5443","637","100560","1270","3298","280","3539","875","44130","2279","1501","318","42629","2271","559025","*****","402258","4802","6996","1259","3534","821","1031","327","143","98","126122","4677","18941","1525","9828","1076","9113","1109"
"0500000US48001","Anderson County, Texas","57747","*****","47766","*****","34468","14","12075","190","160","56","314","82","22","28","11","14","716","205","3","4","713","205","9981","*****","7848","683","8","14","112","101","0","31","0","31","1799","665","214","152","168","148","46","42"
"0500000US48139","Ellis County, Texas","164092","*****","122301","*****","102697","74","14640","571","419","138","1104","165","68","74","156","108","3217","641","32","31","3185","641","41791","*****","30950","1417","646","378","1414","662","12","19","21","31","6166","971","2582","693","736","284","1846","644"
"0500000US48239","Jackson County, Texas","14756","*****","9996","*****","8765","21","1049","108","0","21","44","42","14","21","0","21","124","89","0","21","124","89","4760","*****","4016","295","36","42","0","21","0","21","0","21","541","219","167","129","129","105","38","68"
"0500000US48265","Kerr County, Texas","50761","*****","37498","*****","35478","16","719","117","101","75","494","64","18","28","10","16","678","131","0","31","678","131","13263","*****","10496","701","30","37","327","184","18","26","0","31","2043","623","349","303","24","32","325","306"
"0500000US48331","Milam County, Texas","24479","*****","18173","*****","15408","12","2063","248","34","22","122","45","0","25","10","12","536","252","0","25","536","252","6306","*****","5221","494","129","143","12","20","12","19","0","25","789","425","143","137","3","4","140","137"
"0500000US48093","Comanche County, Texas","13492","*****","9815","*****","9504","2","90","52","62","55","81","49","0","21","1","2","77","47","0","21","77","47","3677","*****","3334","213","71","122","9","14","0","21","0","21","217","128","46","54","24","43","22","24"
"0500000US48145","Falls County, Texas","17289","*****","13350","*****","8909","21","4196","53","39","31","32","37","16","26","0","21","158","45","0","21","158","45","3939","*****","3449","213","70","62","17","20","0","21","0","21","338","195","65","46","0","21","65","46"
"0500000US48047","Brooks County, Texas","7251","*****","427","207","417","208","5","5","0","19","0","19","0","19","0","19","5","10","0","19","5","10","6824","207","5953","404","61","93","70","99","0","19","0","19","549","300","191","115","55","68","136","99"
"0500000US48015","Austin County, Texas","29292","*****","21694","*****","18533","38","2601","101","11","19","58","57","0","25","28","38","463","125","0","25","463","125","7598","*****","5089","506","22","26","0","25","0","25","0","25","2175","536","312","193","227","150","85","107"
"0500000US48261","Kenedy County, Texas","564","214","65","62","64","62","0","13","0","13","1","3","0","13","0","13","0","13","0","13","0","13","499","216","477","212","0","13","0","13","0","13","0","13","22","22","0","13","0","13","0","13"
"0500000US48355","Nueces County, Texas","358484","*****","132673","*****","108703","119","12915","273","806","181","6823","254","220","63","229","133","2977","401","151","101","2826","387","225811","*****","209145","1638","689","235","903","319","221","158","0","31","11721","1498","3132","630","2090","510","1042","345"
"0500000US48089","Colorado County, Texas","20913","*****","14868","*****","11918","66","2727","47","30","47","14","38","0","25","0","25","179","75","44","66","135","38","6045","*****","3759","606","10","20","9","19","0","25","0","25","2191","615","76","68","52","61","24","31"
"0500000US48409","San Patricio County, Texas","66867","*****","28863","*****","26351","20","992","156","115","85","669","61","14","14","10","15","712","202","43","42","669","193","38004","*****","35397","487","119","112","68","52","10","16","11","19","1473","423","926","318","339","152","587","270"
"0500000US48379","Rains County, Texas","11246","*****","10273","*****","9653","16","172","91","109","40","9","11","0","21","0","21","330","105","15","16","315","104","973","*****","496","218","0","21","0","21","0","21","0","21","466","218","11","12","11","12","0","21"
"0500000US48381","Randall County, Texas","130552","*****","104238","*****","95851","90","3596","278","517","116","1906","270","103","79","90","73","2175","419","90","72","2085","404","26314","*****","21297","767","160","133","240","137","55","91","9","13","2905","622","1648","409","713","201","935","349"
"0500000US48385","Real County, Texas","3358","*****","2694","177","2685","177","7","6","0","13","1","3","0","13","0","13","1","2","0","13","1","2","664","177","623","179","0","13","0","13","0","13","0","13","41","44","0","13","0","13","0","13"
"0500000US48411","San Saba County, Texas","5851","*****","4112","*****","3823","19","161","90","0","19","1","3","0","19","0","19","127","90","0","19","127","90","1739","*****","1310","145","9","18","0","19","0","19","0","19","362","143","58","46","13","14","45","42"
"0500000US48413","Schleicher County, Texas","3122","*****","1504","*****","1489","15","9","14","0","13","4","6","0","13","0","13","2","3","0","13","2","3","1618","*****","499","184","0","13","0","13","0","13","0","13","1119","184","0","13","0","13","0","13"
"0500000US48431","Sterling County, Texas","1139","158","674","138","654","139","3","7","0","13","0","13","0","13","0","13","17","24","0","13","17","24","465","125","389","130","0","13","0","13","0","13","0","13","76","49","0","13","0","13","0","13"
"0500000US48507","Zavala County, Texas","12152","*****","778","*****","660","70","61","41","11","15","4","9","0","21","0","21","42","40","0","21","42","40","11374","*****","10446","392","0","21","0","21","0","21","0","21","886","390","42","61","4","6","38","60"
"0500000US48057","Calhoun County, Texas","21821","*****","11318","*****","9426","25","567","70","13","12","1079","61","14","23","0","25","219","88","0","25","219","88","10503","*****","9461","317","13","27","0","25","24","35","0","25","368","154","637","301","60","82","577","285"
"0500000US48065","Carson County, Texas","6033","*****","5447","*****","5215","19","39","34","23","22","32","27","13","16","0","19","125","69","0","19","125","69","586","*****","537","54","0","19","0","19","0","19","0","19","23","24","26","46","26","46","0","19"
"0500000US48155","Foard County, Texas","1414","158","1108","125","1077","126","31","38","0","13","0","13","0","13","0","13","0","13","0","13","0","13","306","115","114","59","0","13","0","13","0","13","0","13","107","65","85","72","85","72","0","13"
"0500000US48161","Freestone County, Texas","19646","*****","16755","*****","13269","33","3164","101","30","24","72","37","0","21","0","21","220","115","43","42","177","107","2891","*****","2631","163","23","32","1","3","17","52","0","21","209","146","10","14","6","10","4","7"
"0500000US48175","Goliad County, Texas","7510","*****","4835","*****","4401","19","400","41","0","19","12","19","0","19","0","19","22","34","0","19","22","34","2675","*****","1234","295","8","13","0","19","0","19","0","19","1433","295","0","19","0","19","0","19"
"0500000US48193","Hamilton County, Texas","8220","*****","7233","*****","6994","37","55","39","58","35","16","23","0","19","0","19","110","56","25","37","85","52","987","*****","869","92","0","19","0","19","0","19","0","19","84","67","34","56","27","44","7","13"
"0500000US48197","Hardeman County, Texas","3990","*****","3140","113","2738","116","277","73","16","22","19","24","0","13","0","13","90","60","0","13","90","60","850","113","719","133","8","13","0","13","0","13","0","13","123","89","0","13","0","13","0","13"
"0500000US48335","Mitchell County, Texas","8774","*****","5328","*****","4270","19","902","47","30","24","33","38","0","19","0","19","93","37","0","19","93","37","3446","*****","2616","244","62","55","19","18","0","19","0","19","629","226","120","84","109","83","11","16"
"0500000US48449","Titus County, Texas","32664","*****","18915","*****","15121","22","2970","182","75","49","253","88","0","28","13","22","483","196","14","19","469","191","13749","*****","8438","890","20","21","153","197","24","38","10","15","4984","876","120","114","99","110","21","25"
"0500000US48045","Briscoe County, Texas","1591","108","1078","109","964","108","27","18","0","13","0","13","16","18","0","13","71","26","0","13","71","26","513","118","478","118","0","13","0","13","0","13","0","13","12","11","23","20","8","10","15","17"
"0500000US48285","Lavaca County, Texas","19859","*****","16266","*****","14750","5","1312","80","8","12","74","21","0","21","3","5","119","81","13","20","106","80","3593","*****","763","205","35","33","0","21","0","21","0","21","2424","227","371","139","360","134","11","19"
"0500000US48291","Liberty County, Texas","79884","*****","62396","*****","52576","46","7972","294","269","116","454","110","5","8","65","80","1055","311","31","46","1024","320","17488","*****","12026","1032","7","13","40","50","0","31","12","15","5168","1029","235","160","227","159","8","19"
"0500000US48445","Terry County, Texas","12755","*****","5897","*****","5203","21","592","36","31","17","0","21","0","21","0","21","71","39","0","21","71","39","6858","*****","6210","183","65","63","9","16","0","21","0","21","400","153","174","119","149","114","25","33"
"0500000US48497","Wise County, Texas","63247","*****","51388","*****","49012","50","752","47","239","83","314","79","111","68","8","8","952","131","63","54","889","127","11859","*****","10303","494","4","6","12","15","0","31","11","18","1023","362","506","271","338","222","168","141"
"0500000US48143","Erath County, Texas","41016","*****","32577","*****","30923","80","673","114","200","115","314","36","15","26","12","18","440","168","50","77","390","166","8439","*****","6663","546","17","28","211","281","0","28","0","28","952","466","596","288","75","65","521","279"
"0500000US48039","Brazoria County, Texas","345995","*****","243280","*****","169835","155","44790","695","1054","317","21494","533","7","9","443","272","5657","902","88","70","5569","897","102715","*****","85871","1942","1037","471","871","528","122","102","14","17","12603","1870","2197","599","716","229","1481","524"
"0500000US48345","Motley County, Texas","1114","108","932","79","852","87","39","16","0","13","0","13","0","13","11","16","30","32","6","11","24","30","182","100","116","88","0","13","0","13","0","13","0","13","66","67","0","13","0","13","0","13"
"0500000US48129","Donley County, Texas","3433","*****","3068","*****","2809","13","126","36","23","22","16","17","0","13","0","13","94","31","0","13","94","31","365","*****","344","19","3","6","2","4","0","13","0","13","12","18","4","6","4","6","0","13"
"0500000US48013","Atascosa County, Texas","48139","*****","17554","*****","16480","65","353","104","55","63","186","56","0","28","12","22","468","136","63","63","405","131","30585","*****","27936","743","0","28","70","65","18","26","0","28","1332","443","1229","641","179","170","1050","641"
"0500000US48083","Coleman County, Texas","8422","*****","6957","*****","6512","19","231","71","64","32","70","18","0","19","0","19","80","83","0","19","80","83","1465","*****","1256","152","0","19","0","19","0","19","0","19","149","103","60","60","32","45","28","36"
"0500000US48353","Nolan County, Texas","14990","*****","9534","*****","8548","21","733","145","59","17","42","48","0","21","0","21","152","135","0","21","152","135","5456","*****","4572","311","21","26","44","43","0","21","2","4","711","272","106","69","55","46","51","45"
"0500000US48229","Hudspeth County, Texas","3702","*****","801","*****","684","13","55","32","0","13","44","31","0","13","0","13","18","25","0","13","18","25","2901","*****","2072","243","12","18","0","13","0","13","0","13","736","244","81","66","15","20","66","63"
"0500000US48325","Medina County, Texas","48548","*****","23664","*****","21624","82","1140","125","163","94","303","103","8","14","0","28","426","195","64","82","362","176","24884","*****","22296","680","80","100","106","115","11","17","0","28","1808","566","583","321","470","309","113","97"
"0500000US48475","Ward County, Texas","11498","*****","5497","*****","4758","14","553","65","64","25","32","38","0","21","15","14","75","54","0","21","75","54","6001","*****","4923","265","72","68","179","163","0","21","0","21","778","246","49","30","43","30","6","7"
"0500000US48213","Henderson County, Texas","79687","*****","70019","*****","62894","31","5224","141","684","131","528","38","53","51","33","31","603","194","5","8","598","193","9668","*****","8189","506","242","260","98","103","0","31","0","31","950","394","189","128","119","92","70","57"
"0500000US48203","Harrison County, Texas","66606","*****","58139","*****","42506","39","14192","179","209","136","468","90","27","43","33","39","704","263","2","6","702","261","8467","*****","6111","552","0","31","70","110","0","31","0","31","1844","561","442","276","384","268","58","55"
"0500000US48327","Menard County, Texas","2123","*****","1331","140","1252","141","13","17","12","14","0","13","0","13","0","13","54","41","11","18","43","33","792","140","453","138","1","2","19","26","0","13","0","13","163","108","156","104","86","89","70","50"
"0500000US48277","Lamar County, Texas","49401","*****","45712","*****","37039","47","6093","319","152","80","437","34","148","97","7","15","1836","334","26","44","1810","328","3689","*****","3058","225","46","49","0","28","0","28","31","37","307","163","247","133","108","88","139","110"
"0500000US48149","Fayette County, Texas","24963","*****","19865","*****","17951","13","1489","193","13","19","182","190","0","25","0","25","230","71","7","13","223","66","5098","*****","4620","215","0","25","0","25","0","25","0","25","444","199","34","37","30","36","4","9"
"0500000US48491","Williamson County, Texas","508313","*****","385926","*****","309652","296","30364","960","962","179","30611","667","323","157","896","296","13118","1188","465","151","12653","1192","122387","*****","100940","1872","1044","364","488","263","202","88","18","30","13526","1496","6169","890","2449","470","3720","721"
"0500000US48267","Kimble County, Texas","4432","*****","3383","141","3295","148","1","2","21","30","0","13","0","13","15","24","51","39","0","13","51","39","1049","141","718","166","0","13","12","15","0","13","2","5","261","125","56","52","56","52","0","13"
"0500000US48317","Martin County, Texas","5547","*****","3047","174","2977","179","36","36","26","29","0","19","5","7","0","19","3","5","0","19","3","5","2500","174","1623","249","0","19","100","124","0","19","5","9","747","233","25","37","25","37","0","19"
"0500000US48373","Polk County, Texas","46974","*****","40028","*****","33325","63","4895","149","694","108","289","90","61","56","42","63","722","184","0","28","722","184","6946","*****","6264","227","59","43","16","23","0","28","0","28","360","174","247","137","63","72","184","129"
"0500000US48391","Refugio County, Texas","7293","*****","3667","*****","3084","19","363","69","8","11","5","7","0","19","0","19","207","72","0","19","207","72","3626","*****","2723","227","24","31","7","8","0","19","0","19","596","232","276","145","3","5","273","146"
"0500000US48467","Van Zandt County, Texas","53607","*****","48097","*****","45206","63","1406","165","294","115","249","40","57","80","22","39","863","189","59","47","804","180","5510","*****","4913","187","35","41","52","58","0","31","0","31","353","156","157","97","22","24","135","95"
"0500000US48055","Caldwell County, Texas","40544","*****","20007","*****","16661","14","2458","109","86","48","393","21","23","32","0","28","386","108","12","14","374","107","20537","*****","14877","863","207","148","272","290","19","25","0","28","4750","871","412","193","173","97","239","151"
"0500000US48487","Wilbarger County, Texas","12972","*****","9262","*****","7708","25","1034","134","95","51","119","135","0","21","15","22","291","102","18","25","273","98","3710","*****","2825","313","58","48","131","79","0","21","0","21","639","272","57","61","44","57","13","21"
"0500000US48383","Reagan County, Texas","3735","*****","1115","142","1078","135","27","24","0","13","0","13","0","13","0","13","10","12","0","13","10","12","2620","142","659","248","0","13","0","13","0","13","0","13","1941","261","20","24","15","21","5","9"
"0500000US48501","Yoakum County, Texas","8481","*****","2965","*****","2813","107","0","19","13","19","3","5","0","19","0","19","136","104","0","19","136","104","5516","*****","5322","133","57","76","0","19","0","19","0","19","87","79","50","59","14","22","36","54"
"0500000US48189","Hale County, Texas","34527","*****","14236","*****","11938","38","1522","163","23","19","83","47","9","11","26","29","635","177","16","25","619","174","20291","*****","17645","644","173","193","180","197","0","28","0","28","1313","367","980","403","317","286","663","340"
"0500000US48419","Shelby County, Texas","25689","*****","21109","*****","15961","10","4837","254","40","58","140","230","21","33","7","10","103","69","0","25","103","69","4580","*****","4253","198","67","96","121","151","0","25","0","25","127","73","12","38","8","28","4","18"
"0500000US48387","Red River County, Texas","12353","*****","11456","*****","9035","21","2176","33","27","24","1","3","0","21","0","21","217","40","0","21","217","40","897","*****","752","122","0","21","21","38","0","21","0","21","101","108","23","23","0","21","23","23"
"0500000US48399","Runnels County, Texas","10266","*****","6792","*****","6394","10","134","69","37","37","109","92","0","21","5","7","113","82","5","8","108","81","3474","*****","3001","160","1","2","23","32","0","21","0","21","402","140","47","39","38","35","9","12"
"0500000US48407","San Jacinto County, Texas","27436","*****","24003","*****","20537","111","2932","281","131","191","2","4","0","25","0","25","401","258","68","111","333","234","3433","*****","3164","170","150","149","0","25","0","25","0","25","99","111","20","31","17","31","3","6"
"0500000US48435","Sutton County, Texas","3894","*****","1580","200","1528","200","3","4","0","13","0","13","40","52","0","13","9","13","0","13","9","13","2314","200","1171","235","19","29","9","15","0","13","0","13","1115","279","0","13","0","13","0","13"
"0500000US48451","Tom Green County, Texas","116906","*****","71499","*****","63505","142","4682","240","215","120","1338","190","45","43","137","102","1577","323","81","113","1496","310","45407","*****","35859","1235","369","176","177","96","83","63","0","31","7948","1124","971","409","719","374","252","166"
"0500000US48459","Upshur County, Texas","40506","*****","37243","*****","32704","74","3611","144","298","101","91","68","0","28","136","145","403","130","0","28","403","130","3263","*****","1633","345","50","55","13","19","0","28","0","28","1236","336","331","177","158","106","173","142"
"0500000US48469","Victoria County, Texas","91518","*****","49379","*****","41590","159","5331","228","137","94","971","188","0","31","171","141","1179","311","54","73","1125","303","42139","*****","38435","695","364","211","118","123","25","31","60","100","2490","587","647","227","323","145","324","155"
"0500000US48473","Waller County, Texas","48443","*****","34213","*****","20853","64","12041","311","36","46","351","64","20","27","66","75","846","304","13","21","833","303","14230","*****","10453","936","200","170","129","96","58","68","0","28","2921","885","469","281","264","232","205","158"
"0500000US48481","Wharton County, Texas","41430","*****","24748","*****","18756","45","5725","157","28","31","38","45","0","28","33","45","168","136","0","28","168","136","16682","*****","14961","417","192","153","0","28","0","28","0","28","1331","368","198","151","142","142","56","54"
"0500000US48485","Wichita County, Texas","131778","*****","107355","*****","87142","155","13018","414","773","174","2668","232","48","36","477","183","3229","445","41","39","3188","448","24423","*****","16046","822","571","193","557","270","149","108","3","6","5041","789","2056","515","778","278","1278","478"
"0500000US48493","Wilson County, Texas","47205","*****","28717","*****","27225","63","634","74","85","59","163","85","32","47","57","63","521","115","0","28","521","115","18488","*****","16951","366","25","21","39","43","20","30","0","28","795","266","658","266","176","85","482","252"
"0500000US48033","Borden County, Texas","602","105","556","105","556","105","0","13","0","13","0","13","0","13","0","13","0","13","0","13","0","13","46","28","46","28","0","13","0","13","0","13","0","13","0","13","0","13","0","13","0","13"
"0500000US48219","Hockley County, Texas","23273","*****","12352","*****","11112","11","849","61","131","24","45","35","12","19","8","11","195","65","0","25","195","65","10921","*****","9721","281","25","24","118","147","3","4","0","25","753","249","301","124","194","107","107","55"
"0500000US48315","Marion County, Texas","10140","*****","9746","*****","7187","21","2402","85","34","22","0","21","17","25","0","21","106","83","0","21","106","83","394","*****","228","101","0","21","0","21","0","21","0","21","166","101","0","21","0","21","0","21"
"0500000US48323","Maverick County, Texas","57471","*****","2704","*****","1521","84","129","123","666","233","253","243","32","40","64","84","39","62","0","31","39","62","54767","*****","52128","733","83","103","77","61","0","31","0","31","2230","659","249","153","167","138","82","93"
"0500000US48329","Midland County, Texas","159883","*****","90759","*****","75630","181","9374","464","608","194","2913","196","74","47","146","179","2014","571","25","27","1989","572","69124","*****","56686","1713","574","382","136","98","189","152","0","31","10063","1631","1476","428","613","235","863","342"
"0500000US48181","Grayson County, Texas","126146","*****","110147","*****","96360","263","6995","330","1614","198","1665","153","62","24","217","261","3234","403","54","35","3180","406","15999","*****","13436","568","60","41","81","55","12","19","13","22","1894","569","503","180","256","133","247","120"
"0500000US48297","Live Oak County, Texas","12043","*****","7374","*****","6941","168","293","103","0","21","78","99","0","21","0","21","62","81","0","21","62","81","4669","*****","4013","317","11","20","19","25","0","21","0","21","477","294","149","91","79","43","70","86"
"0500000US48299","Llano County, Texas","20195","*****","18212","*****","17593","4","150","189","28","41","77","72","0","25","1","4","363","195","0","25","363","195","1983","*****","1318","238","5","12","163","190","0","25","0","25","265","176","232","169","98","98","134","121"
"0500000US48363","Palo Pinto County, Texas","28109","*****","22570","*****","21203","44","681","73","175","49","177","56","24","24","34","44","276","97","0","25","276","97","5539","*****","4600","346","0","25","16","20","0","25","0","25","728","331","195","89","127","69","68","66"
"0500000US48147","Fannin County, Texas","33787","*****","30207","*****","26834","31","2189","102","150","48","224","29","18","20","21","31","771","116","4","6","767","118","3580","*****","2749","231","0","28","33","30","9","18","0","28","608","196","181","85","47","34","134","82"
"0500000US48255","Karnes County, Texas","15051","*****","7086","*****","5684","21","1316","64","15","19","16","17","0","21","0","21","55","56","0","21","55","56","7965","*****","4673","417","12","12","0","21","0","21","0","21","3128","412","152","95","79","68","73","65"
"0500000US48123","DeWitt County, Texas","20474","*****","13412","*****","11383","15","1852","138","0","25","1","3","0","25","0","25","176","139","5","15","171","138","7062","*****","2505","465","43","47","144","171","0","25","0","25","4078","534","292","183","279","184","13","22"
"0500000US48041","Brazos County, Texas","214231","*****","160535","*****","121439","106","21819","413","238","109","12857","268","83","57","214","116","3885","553","125","78","3760","537","53696","*****","38823","1551","415","164","652","499","70","72","0","31","10968","1551","2768","724","573","188","2195","702"
"0500000US48059","Callahan County, Texas","13660","*****","12411","*****","11862","21","201","111","8","12","33","28","0","21","0","21","307","109","0","21","307","109","1249","*****","1061","110","0","21","0","21","0","21","0","21","143","106","45","41","35","40","10","10"
"0500000US48067","Cass County, Texas","30118","*****","28812","*****","23015","28","5106","165","4","8","128","59","14","21","2","6","543","174","0","28","543","174","1306","*****","591","199","70","82","30","24","0","28","0","28","590","197","25","37","9","13","16","32"
"0500000US48165","Gaines County, Texas","19889","*****","11823","*****","11198","50","452","42","28","33","91","9","8","13","31","50","15","19","0","21","15","19","8066","*****","7409","295","32","51","14","34","0","21","0","21","503","277","108","105","51","82","57","68"
"0500000US48183","Gregg County, Texas","123402","*****","100953","*****","71967","57","24790","347","385","127","1679","172","64","99","138","100","1930","370","15","23","1915","371","22449","*****","19789","781","311","246","37","60","16","26","0","31","1473","679","823","424","384","396","439","245"
"0500000US48179","Gray County, Texas","22962","*****","16550","*****","14807","25","981","85","203","50","162","7","21","28","0","25","376","104","0","25","376","104","6412","*****","4713","394","58","48","185","126","0","25","0","25","1254","363","202","106","84","69","118","80"
"0500000US48313","Madison County, Texas","13979","*****","10845","*****","7794","21","2428","183","17","25","159","161","22","30","0","21","425","147","9","16","416","144","3134","*****","2407","206","9","16","9","16","0","21","0","21","534","210","175","70","54","27","121","62"
"0500000US48303","Lubbock County, Texas","298042","*****","195272","*****","162449","187","20465","619","1051","193","6110","393","196","53","320","183","4681","828","110","57","4571","811","102770","*****","77076","2105","1222","354","2020","733","263","212","4","6","18658","2031","3527","657","2324","473","1203","352"
"0500000US48237","Jack County, Texas","8839","*****","7400","*****","6889","19","395","44","33","22","11","16","0","19","12","27","60","33","0","19","60","33","1439","*****","1262","100","8","12","0","19","0","19","0","19","144","80","25","32","25","32","0","19"
"0500000US48257","Kaufman County, Texas","114852","*****","92035","*****","76486","23","11926","301","491","198","1239","117","67","53","166","176","1660","341","37","44","1623","336","22817","*****","17978","926","135","132","14","24","0","31","14","15","3542","781","1134","356","760","333","374","160"
"0500000US48259","Kendall County, Texas","40306","*****","31021","*****","29661","28","278","106","12","21","289","139","33","41","0","28","748","151","0","28","748","151","9285","*****","6983","605","39","64","213","188","0","28","0","28","1251","466","799","335","144","160","655","327"
"0500000US48035","Bosque County, Texas","17955","*****","14801","*****","14127","7","246","82","59","45","57","38","0","21","0","21","312","86","4","7","308","86","3154","*****","2797","146","10","14","7","8","0","21","0","21","280","145","60","30","40","23","20","21"
"0500000US48153","Floyd County, Texas","5953","*****","2513","*****","2258","19","149","43","12","21","15","15","0","19","0","19","79","45","0","19","79","45","3440","*****","3339","60","13","22","0","19","0","19","0","19","79","58","9","13","0","19","9","13"
"0500000US48029","Bexar County, Texas","1892004","*****","761055","*****","537451","631","133212","1257","2866","452","49745","1103","1772","285","2844","569","33165","1930","2013","440","31152","1794","1130949","*****","964828","4507","9453","1180","9130","1400","1666","347","477","208","119083","4128","26312","1872","12116","1258","14196","1280"
"0500000US48017","Bailey County, Texas","7098","*****","2651","215","2459","196","108","82","5","11","63","69","16","23","0","19","0","19","0","19","0","19","4447","215","3627","423","7","14","2","5","0","19","0","19","802","399","9","19","9","19","0","19"
"0500000US48071","Chambers County, Texas","39283","*****","30887","*****","26720","28","3154","182","42","47","506","50","0","28","0","28","465","199","0","28","465","199","8396","*****","7609","488","0","28","0","28","0","28","0","28","755","485","32","31","11","22","21","22"
"0500000US48023","Baylor County, Texas","3602","*****","3237","142","3020","151","116","84","0","13","0","13","0","13","0","13","101","69","0","13","101","69","365","142","275","145","8","14","0","13","0","13","0","13","70","52","12","13","12","13","0","13"
"0500000US48027","Bell County, Texas","336506","*****","255660","*****","158932","108","70588","1029","977","237","9378","587","2348","93","325","151","13112","1152","90","56","13022","1155","80846","*****","56776","2143","5731","1363","1595","595","360","172","159","107","12101","1613","4124","603","1601","273","2523","527"
"0500000US48061","Cameron County, Texas","420201","*****","44945","*****","39240","131","1560","159","514","102","2706","189","19","32","150","123","756","233","52","59","704","224","375256","*****","355559","2035","426","156","583","224","136","90","36","34","15598","1722","2918","842","2062","657","856","324"
"0500000US48121","Denton County, Texas","781321","*****","632035","*****","475452","577","70796","1048","2289","362","60788","758","579","75","1602","578","20529","1464","1111","411","19418","1383","149286","*****","117288","2218","1598","547","989","298","481","234","35","41","23084","1996","5811","823","3418","638","2393","476"
"0500000US48361","Orange County, Texas","83909","*****","77963","*****","68273","86","6928","246","240","99","946","94","3","5","78","68","1495","275","43","56","1452","275","5946","*****","5369","219","9","13","20","33","31","49","0","31","376","176","141","93","45","56","96","75"
"0500000US48233","Hutchinson County, Texas","21704","*****","16817","*****","15474","15","431","133","286","84","120","29","69","81","6","10","431","148","10","12","421","146","4887","*****","3647","370","36","38","58","64","11","14","0","25","758","331","377","167","173","109","204","131"
"0500000US48477","Washington County, Texas","34667","*****","29295","*****","22344","11","5882","280","93","101","612","29","41","62","0","28","323","252","5","11","318","252","5372","*****","4673","273","29","45","99","129","15","20","0","28","456","218","100","72","78","66","22","33"
"0500000US48343","Morris County, Texas","12530","*****","11382","*****","8159","21","2953","84","46","51","13","15","8","14","0","21","203","93","0","21","203","93","1148","*****","464","116","19","19","4","7","0","21","0","21","536","154","125","85","78","71","47","48"
"0500000US48429","Stephens County, Texas","9365","*****","7189","*****","6756","31","204","64","58","77","44","41","0","19","20","31","107","80","0","19","107","80","2176","*****","1678","254","0","19","30","51","0","19","0","19","318","198","150","167","8","11","142","169"
"0500000US48495","Winkler County, Texas","7777","*****","3158","*****","2870","19","181","109","67","96","0","19","0","19","0","19","40","54","0","19","40","54","4619","*****","4042","279","112","142","17","35","0","19","0","19","358","241","90","91","17","16","73","89"
"0500000US48201","Harris County, Texas","4525519","*****","2614984","*****","1386576","1079","838285","1998","8078","924","307109","1795","2543","244","9681","1350","62712","2537","3651","701","59061","2395","1910535","*****","1477712","9832","18837","1994","11387","1594","2291","593","548","316","359168","9240","40592","2937","20764","1944","19828","1944"
"0500000US48003","Andrews County, Texas","17577","*****","7840","*****","7229","12","265","186","16","29","37","63","9","19","0","21","284","149","6","12","278","147","9737","*****","8905","310","102","119","0","21","0","21","0","21","687","307","43","51","26","41","17","27"
"0500000US48053","Burnet County, Texas","45017","*****","35160","*****","33365","12","696","257","276","95","328","20","0","28","0","28","495","288","7","12","488","288","9857","*****","8934","427","0","28","15","17","0","28","0","28","752","425","156","103","73","64","83","73"
"0500000US48171","Gillespie County, Texas","25939","*****","20090","*****","19614","11","20","29","3","6","31","43","0","25","0","25","422","53","7","11","415","50","5849","*****","4417","471","14","23","628","443","0","25","0","25","293","182","497","353","32","36","465","350"
"0500000US48177","Gonzales County, Texas","20558","*****","10265","*****","8703","25","1369","94","14","22","36","36","5","9","0","25","138","77","0","25","138","77","10293","*****","2895","544","27","43","23","25","0","25","0","25","7048","557","300","161","208","106","92","121"
"0500000US48113","Dallas County, Texas","2552213","*****","1540839","*****","771258","497","563220","1981","4450","528","152045","904","1098","134","4485","860","44283","2144","2616","656","41667","2054","1011374","*****","793917","6159","9271","1453","3860","732","1169","316","296","173","178348","5565","24513","1910","13252","1311","11261","1582"
"0500000US48305","Lynn County, Texas","5785","*****","3057","*****","2853","19","77","74","27","36","15","17","0","19","0","19","85","75","0","19","85","75","2728","*****","1933","193","18","26","19","13","0","19","0","19","523","170","235","95","212","94","23","23"
"0500000US48311","McMullen County, Texas","600","182","297","132","292","130","0","13","5","11","0","13","0","13","0","13","0","13","0","13","0","13","303","140","277","135","0","13","0","13","0","13","0","13","26","24","0","13","0","13","0","13"
"0500000US48503","Young County, Texas","18166","*****","14883","*****","14306","21","271","110","94","79","75","32","0","21","0","21","137","108","0","21","137","108","3283","*****","3053","197","0","21","33","44","0","21","0","21","197","198","0","21","0","21","0","21"
"0500000US48505","Zapata County, Texas","14415","*****","855","*****","753","127","0","21","0","21","102","127","0","21","0","21","0","21","0","21","0","21","13560","*****","12928","381","122","179","0","21","0","21","0","21","510","336","0","21","0","21","0","21"
"0500000US48251","Johnson County, Texas","160173","*****","127698","*****","117957","122","4506","346","664","172","1219","193","588","67","91","84","2673","499","91","95","2582","478","32475","*****","28588","945","74","63","275","196","34","30","5","10","2547","596","952","757","376","178","576","723"
"0500000US48221","Hood County, Texas","55418","*****","48777","*****","46999","79","384","85","482","95","446","75","0","31","0","31","466","172","55","79","411","154","6641","*****","5886","358","20","28","41","52","23","36","8","14","446","324","217","153","140","116","77","80"
"0500000US48223","Hopkins County, Texas","35929","*****","30070","*****","26577","53","2390","142","74","71","254","37","27","27","35","53","713","171","6","9","707","171","5859","*****","3595","510","32","47","25","36","0","28","0","28","2139","496","68","55","56","47","12","20"
"0500000US48309","McLennan County, Texas","245720","*****","182710","*****","139446","168","34865","516","465","158","3713","278","32","34","269","188","3920","647","114","98","3806","628","63010","*****","50261","1289","628","236","734","419","115","129","51","67","9347","1126","1874","537","1006","315","868","382"
"0500000US48357","Ochiltree County, Texas","10484","*****","4931","*****","4662","21","18","28","69","59","20","26","0","21","0","21","162","74","0","21","162","74","5553","*****","4586","358","32","43","132","118","2","4","0","21","610","317","191","145","113","120","78","80"
"0500000US48269","King County, Texas","289","88","212","60","212","60","0","13","0","13","0","13","0","13","0","13","0","13","0","13","0","13","77","62","76","62","0","13","0","13","0","13","0","13","1","1","0","13","0","13","0","13"
"0500000US48275","Knox County, Texas","3753","*****","2498","*****","2228","13","225","40","5","11","6","7","0","13","0","13","34","37","0","13","34","37","1255","*****","1019","92","0","13","22","21","0","13","0","13","187","79","27","24","26","23","1","2"
"0500000US48073","Cherokee County, Texas","51594","*****","39989","*****","31603","15","6991","243","264","91","302","31","0","31","12","19","817","267","9","15","808","264","11605","*****","10304","452","63","65","63","56","15","21","0","31","716","340","444","312","372","291","72","64"
"0500000US48095","Concho County, Texas","3858","*****","1812","*****","1731","41","26","25","4","8","38","22","0","13","0","13","13","18","0","13","13","18","2046","*****","2021","23","5","9","4","7","0","13","0","13","12","13","4","9","4","9","0","13"
"0500000US48119","Delta County, Texas","5172","*****","4815","*****","4214","4","411","43","9","21","38","35","0","19","2","4","141","29","0","19","141","29","357","*****","245","75","0","19","0","19","0","19","0","19","46","46","66","64","66","64","0","19"
"0500000US48137","Edwards County, Texas","2111","182","910","235","909","234","0","13","1","3","0","13","0","13","0","13","0","13","0","13","0","13","1201","243","1179","245","0","13","0","13","0","13","0","13","22","25","0","13","0","13","0","13"
"0500000US48133","Eastland County, Texas","18278","*****","15355","*****","14595","21","411","173","76","64","44","60","0","21","0","21","229","210","0","21","229","210","2923","*****","2202","358","0","21","3","8","0","21","0","21","688","355","30","52","30","52","0","21"
"0500000US48253","Jones County, Texas","19969","*****","14545","*****","10940","341","2892","305","28","25","59","41","0","21","43","45","583","141","27","26","556","145","5424","*****","2698","341","39","26","159","65","8","16","0","21","2176","329","344","115","268","100","76","40"
"0500000US48243","Jeff Davis County, Texas","2236","*****","1426","215","1361","196","15","12","3","8","33","58","0","13","0","13","14","18","0","13","14","18","810","215","787","224","0","13","7","11","0","13","0","13","16","21","0","13","0","13","0","13"
"0500000US48247","Jim Hogg County, Texas","5262","*****","324","181","309","173","0","19","0","19","0","19","0","19","0","19","15","29","0","19","15","29","4938","181","4832","183","2","4","2","4","0","19","0","19","80","85","22","29","22","29","0","19"
"0500000US48249","Jim Wells County, Texas","41318","*****","8167","*****","7556","23","214","106","36","45","231","148","48","63","15","23","67","73","0","28","67","73","33151","*****","32175","364","32","37","64","74","6","10","0","28","781","330","93","90","56","68","37","56"
"0500000US48339","Montgomery County, Texas","535187","*****","412253","*****","363190","387","23915","625","746","250","14823","471","462","77","673","328","8444","849","325","204","8119","817","122934","*****","99340","2643","946","414","979","484","128","100","0","31","17453","2525","4088","840","1132","389","2956","820"
"0500000US48111","Dallam County, Texas","7207","*****","4050","*****","3692","53","124","38","84","10","63","16","0","19","34","53","53","48","0","19","53","48","3157","*****","2860","167","4","6","9","16","0","19","0","19","116","81","168","129","121","115","47","66"
"0500000US48127","Dimmit County, Texas","10822","*****","1460","*****","1429","36","6","6","0","21","21","36","0","21","0","21","4","7","4","7","0","21","9362","*****","8706","439","0","21","0","21","0","21","0","21","656","439","0","21","0","21","0","21"
"0500000US48479","Webb County, Texas","269624","*****","12142","*****","9382","175","736","65","154","25","1343","145","25","37","175","173","327","155","30","36","297","147","257482","*****","247238","1279","353","164","431","218","64","53","0","31","8324","1191","1072","282","611","210","461","197"
"0500000US48157","Fort Bend County, Texas","711421","*****","539472","*****","244432","320","143866","1045","1351","538","136748","979","117","99","1091","337","11867","1469","1608","698","10259","1282","171949","*****","127383","3589","2753","1180","715","464","860","322","44","49","34375","3445","5819","1233","2948","794","2871","932"
"0500000US48011","Armstrong County, Texas","1929","117","1737","111","1671","108","24","20","26","22","0","13","0","13","0","13","16","15","0","13","16","15","192","61","150","58","15","22","0","13","0","13","0","13","19","17","8","11","1","3","7","12"
"0500000US48069","Castro County, Texas","7891","*****","2852","*****","2595","9","54","43","6","7","93","56","2","3","10","14","92","44","0","19","92","44","5039","*****","4714","165","0","19","6","9","0","19","0","19","262","159","57","56","14","22","43","51"
"0500000US48235","Irion County, Texas","1592","142","1228","139","1153","139","51","46","0","13","0","13","0","13","0","13","24","28","0","13","24","28","364","101","159","102","0","13","0","13","0","13","0","13","200","84","5","9","5","9","0","13"
"0500000US48273","Kleberg County, Texas","31540","*****","8721","*****","6618","53","1098","182","40","46","632","48","0","28","45","53","288","185","0","28","288","185","22819","*****","20983","481","94","93","97","78","0","28","0","28","1331","459","314","171","109","66","205","158"
"0500000US48489","Willacy County, Texas","21839","*****","2631","*****","2415","99","142","87","2","3","22","25","3","4","0","25","47","58","0","25","47","58","19208","*****","18535","280","17","28","37","35","0","25","0","25","571","276","48","41","42","40","6","8"
"0500000US48097","Cooke County, Texas","39064","*****","32290","*****","29844","28","976","179","259","93","337","34","60","76","25","45","789","207","0","28","789","207","6774","*****","5983","237","6","12","25","25","0","28","0","28","444","108","316","187","44","47","272","182"
"0500000US48107","Crosby County, Texas","5895","*****","2629","*****","2358","19","218","43","0","19","0","19","0","19","0","19","53","44","0","19","53","44","3266","*****","3039","87","24","24","0","19","0","19","0","19","157","64","46","44","46","44","0","19"
"0500000US48115","Dawson County, Texas","13095","*****","5705","*****","4752","17","740","41","52","29","112","21","3","6","0","21","46","27","18","19","28","23","7390","*****","5487","386","45","38","191","170","0","21","0","21","1397","294","270","203","253","201","17","22"
"0500000US48151","Fisher County, Texas","3875","*****","2719","142","2575","151","111","60","0","13","19","28","4","6","0","13","10","12","0","13","10","12","1156","142","952","141","0","13","27","25","0","13","0","13","115","51","62","30","16","16","46","25"
"0500000US48131","Duval County, Texas","11434","*****","1223","*****","1025","100","165","87","0","21","32","44","0","21","1","2","0","21","0","21","0","21","10211","*****","8816","533","0","21","31","32","0","21","0","21","1335","538","29","23","24","21","5","7"
"0500000US48051","Burleson County, Texas","17596","*****","14059","*****","11561","21","2169","110","31","30","59","63","0","21","0","21","239","93","0","21","239","93","3537","*****","2352","394","28","36","0","21","0","21","0","21","1012","377","145","117","145","117","0","21"
"0500000US48031","Blanco County, Texas","11089","*****","8970","*****","8601","13","1","2","0","21","64","73","0","21","0","21","304","72","8","13","296","73","2119","*****","1593","223","75","108","102","104","0","21","0","21","276","199","73","43","6","9","67","44"
"0500000US48241","Jasper County, Texas","35444","*****","33150","*****","26482","108","5929","109","53","49","180","88","0","28","74","108","432","159","0","28","432","159","2294","*****","1178","312","8","14","0","28","13","22","33","51","1009","298","53","59","53","59","0","28"
"0500000US48245","Jefferson County, Texas","254574","*****","204849","*****","106135","56","85901","328","588","196","9264","353","105","26","159","110","2697","506","590","335","2107","362","49725","*****","42877","1104","554","455","353","179","7","12","0","31","4710","910","1224","420","683","270","541","334"
"0500000US48271","Kinney County, Texas","3631","*****","1386","248","1382","247","4","6","0","13","0","13","0","13","0","13","0","13","0","13","0","13","2245","248","2131","282","0","13","6","8","0","13","0","13","108","123","0","13","0","13","0","13"
"0500000US48359","Oldham County, Texas","2083","*****","1761","82","1579","130","117","116","1","5","2","6","0","13","0","13","62","44","0","13","62","44","322","81","300","77","17","28","0","13","0","13","0","13","2","3","3","4","3","4","0","13"
"0500000US48117","Deaf Smith County, Texas","18947","*****","5373","*****","4914","28","148","77","51","60","94","16","22","36","22","28","122","91","0","21","122","91","13574","*****","11630","544","73","94","64","55","0","21","0","21","1120","369","687","308","96","59","591","307"
"0500000US48167","Galveston County, Texas","321184","*****","244378","*****","186380","97","40304","651","832","198","10650","398","114","91","153","102","5945","826","422","322","5523","757","76806","*****","64533","1861","967","368","627","385","247","201","13","15","7311","1756","3108","802","923","277","2185","748"
"0500000US48141","El Paso County, Texas","834825","*****","148652","*****","103880","185","25333","561","2344","200","8801","476","690","431","419","191","7185","758","145","89","7040","768","686173","*****","573246","4765","3378","738","3390","749","783","288","289","203","93170","4522","11917","1403","5639","920","6278","985"
"0500000US48283","La Salle County, Texas","7418","214","1490","275","1308","293","92","58","0","19","10","18","0","19","0","19","80","96","0","19","80","96","5928","332","4301","781","8","15","0","19","0","19","0","19","1444","803","175","164","103","153","72","70"
"0500000US48393","Roberts County, Texas","889","117","823","111","805","108","0","13","0","13","4","6","0","13","0","13","14","15","0","13","14","15","66","61","62","60","0","13","0","13","0","13","0","13","4","6","0","13","0","13","0","13"
"0500000US48443","Terrell County, Texas","721","144","315","87","239","76","23","23","5","9","0","13","0","13","0","13","48","44","0","13","48","44","406","137","221","132","0","13","0","13","0","13","0","13","185","77","0","13","0","13","0","13"
"0500000US48457","Tyler County, Texas","21456","*****","19892","*****","17081","14","2313","95","21","22","73","53","0","25","62","51","342","102","9","8","333","101","1564","*****","973","212","45","46","0","25","0","25","0","25","526","217","20","26","14","24","6","9"
"0500000US48463","Uvalde County, Texas","27015","*****","7857","*****","7325","18","40","50","108","99","275","171","2","4","0","25","107","98","14","18","93","97","19158","*****","16707","757","22","34","177","227","7","13","19","31","1667","605","559","552","537","548","22","38"
"0500000US48483","Wheeler County, Texas","5599","*****","4114","*****","3825","19","150","48","6","8","7","8","13","20","0","19","113","37","0","19","113","37","1485","*****","1094","148","12","21","4","7","0","19","0","19","315","160","60","40","17","19","43","49"
"0500000US48037","Bowie County, Texas","93635","*****","86703","*****","60361","8","22371","475","792","89","892","142","16","24","30","34","2241","534","11","20","2230","534","6932","*****","4524","625","441","306","39","41","15","26","38","43","1550","473","325","241","252","195","73","93"
"0500000US48009","Archer County, Texas","8793","*****","8062","*****","7787","19","74","48","23","29","34","45","0","19","0","19","144","63","0","19","144","63","731","*****","526","96","32","37","14","21","0","19","0","19","93","66","66","50","11","16","55","48"
"0500000US48043","Brewster County, Texas","9220","*****","5141","*****","4768","21","13","11","153","63","99","9","0","19","12","21","96","62","0","19","96","62","4079","*****","3727","153","0","19","21","25","46","60","0","19","186","91","99","75","68","63","31","33"
"0500000US48263","Kent County, Texas","680","122","533","109","524","109","5","4","4","6","0","13","0","13","0","13","0","13","0","13","0","13","147","69","98","61","1","2","4","5","0","13","0","13","42","27","2","4","0","13","2","4"
"0500000US48215","Hidalgo County, Texas","839539","*****","68745","*****","55339","88","3522","167","593","129","7953","307","115","88","202","120","1021","365","184","240","837","276","770794","*****","690872","4508","1275","357","1090","363","342","224","72","82","68212","4088","8931","1428","7021","1401","1910","462"
"0500000US48423","Smith County, Texas","222277","*****","180149","*****","134122","81","38746","585","730","170","3497","267","231","277","246","129","2577","604","191","204","2386","578","42128","*****","36795","924","392","160","48","37","19","21","0","31","3951","866","923","291","606","237","317","147"
"0500000US48425","Somervell County, Texas","8650","*****","7002","*****","6804","146","51","46","30","51","0","19","49","66","6","10","62","68","0","19","62","68","1648","*****","1220","239","0","19","48","77","0","19","0","19","325","237","55","56","40","55","15","20"
"0500000US48105","Crockett County, Texas","3836","144","1299","207","1264","203","35","36","0","13","0","13","0","13","0","13","0","13","0","13","0","13","2537","236","282","201","0","13","0","13","0","13","0","13","2255","290","0","13","0","13","0","13"
